[
  {
    "code": "COMMCNSHXXX",
    "name": "\u4ea4\u901a\u94f6\u884c",
    "image": "jiaotongBank"
  },
  {
    "code": "CIBKCNBJXXX",
    "name": "\u4e2d\u4fe1\u94f6\u884c",
    "image": "zhongxinBank"
  },
  {
    "code": "BINHCN2NXXX",
    "name": "\u5b81\u6ce2\u94f6\u884c",
    "image": "ningboBank"
  },
  {
    "code": "SHRCCNSHXXX",
    "name": "\u4e0a\u6d77\u519c\u5546\u94f6\u884c",
    "image": "shanghainongshangBank"
  },
  {
    "code": "ABOCCNBJXXX",
    "name": "\u4e2d\u56fd\u519c\u4e1a\u94f6\u884c",
    "image": "zhongguonongyeBank"
  },
  {
    "code": "HFCBCNSHXXX",
    "name": "\u5fbd\u5546\u94f6\u884c",
    "image": "weishangBank"
  },
  {
    "code": "ICBKCNBJXXX",
    "name": "\u5de5\u5546\u94f6\u884c",
    "image": "gongshangBank"
  },
  {
    "code": "ZJCBCN2NXXX",
    "name": "\u6d59\u5546\u94f6\u884c",
    "image": "zheshangBank"
  },
  {
    "code": "GDBKCN22XXX",
    "name": "\u5e7f\u4e1c\u53d1\u5c55\u94f6\u884c",
    "image": "guangdongfazhanBank"
  },
  {
    "code": "BOSHCNSHXXX",
    "name": "\u4e0a\u6d77\u94f6\u884c",
    "image": "shanghaiBank"
  },
  {
    "code": "BJCNCNBJXXX",
    "name": "\u5317\u4eac\u94f6\u884c",
    "image": "beijingBank"
  },
  {
    "code": "SZDBCNBSXXX",
    "name": "\u5e73\u5b89\u94f6\u884c",
    "image": "pinganBank"
  },
  {
    "code": "MSBCCNBJXXX",
    "name": "\u4e2d\u56fd\u6c11\u751f\u94f6\u884c",
    "image": "zhongguominshangBank"
  },
  {
    "code": "SPDBCNSHXXX",
    "name": "\u4e0a\u6d77\u6d66\u4e1c\u53d1\u5c55\u94f6\u884c",
    "image": "pufaBank"
  },
  {
    "code": "BRCBCNBJXXX",
    "name": "\u5317\u4eac\u519c\u6751\u5546\u4e1a\u94f6\u884c",
    "image": "beijingnongshangBank"
  },
  {
    "code": "GZCBCN22XXX",
    "name": "\u5e7f\u5dde\u94f6\u884c",
    "image": "guangzhouBank"
  },
  {
    "code": "NJCBCNBNXXX",
    "name": "\u5357\u4eac\u94f6\u884c",
    "image": "nanjingBank"
  },
  {
    "code": "CMBCCNBSXXX",
    "name": "\u62db\u5546\u94f6\u884c",
    "image": "zhaoshangBank"
  },
  {
    "code": "HZCBCN2HXXX",
    "name": "\u676d\u5dde\u94f6\u884c",
    "image": "hangzhouBank"
  },
  {
    "code": "EVERCNBJXXX",
    "name": "\u4e2d\u56fd\u5149\u5927\u94f6\u884c",
    "image": "zhongguoguangdaBank"
  },
  {
    "code": "HXBKCNBJXXX",
    "name": "\u534e\u590f\u94f6\u884c",
    "image": "huaxiaBank"
  },
  {
    "code": "PCBCCNBJXXX",
    "name": "\u4e2d\u56fd\u5efa\u8bbe\u94f6\u884c",
    "image": "zhongguojiansheBank"
  },
  {
    "code": "BKCHCNBJXXX",
    "name": "\u4e2d\u56fd\u94f6\u884c",
    "image": "zhongguoBank"
  },
  {
    "code": "FJIBCNBAXXX",
    "name": "\u5174\u4e1a\u94f6\u884c",
    "image": "xingyeBank"
  },
  {
    "code": "PSBCCNBJXXX",
    "name": "\u4e2d\u56fd\u90ae\u653f\u50a8\u84c4",
    "image": "zhongguoyouzhengchuxuBank"
  },
  {
    "code": "CHBHCNBTXXX",
    "name": "\u6e24\u6d77\u94f6\u884c",
    "image": "bohaiBank"
  },
  {
    "code": "BEASCNSHXXX",
    "name": "\u4e1c\u4e9a\u94f6\u884c",
    "image": "dongyaBank"
  }
]